Individuo,Fonte,Tipo,Valor,Teorico_Divergente,HermiT_Divergente,Pellet_Divergente,Teorico_ConfiabilidadeBaixa,HermiT_ConfiabilidadeBaixa,Pellet_ConfiabilidadeBaixa,Concordancia_HermiT_Pellet
Camera_4_avgfr,Camera_4,avg_frame_rate,15/1,Não,Não,Não,Não,Não,Não,Exata (100%)
Camera_4_container,Camera_4,container,avi (score 1.00),Não,Não,Não,Não,Não,Não,Exata (100%)
Camera_4_rfr,Camera_4,r_frame_rate,15/1,Não,Não,Não,Não,Não,Não,Exata (100%)
Camera_7_1_avgfr,Camera_7,avg_frame_rate,15/1,Não,Não,Não,Não,Não,Não,Exata (100%)
Camera_7_1_container,Camera_7,container,avi (score 1.00),Não,Não,Não,Não,Não,Não,Exata (100%)
Camera_7_1_rfr,Camera_7,r_frame_rate,15/1,Não,Não,Não,Não,Não,Não,Exata (100%)
Camera_7_2_avgfr,Camera_7,avg_frame_rate,15/1,Não,Não,Não,Não,Não,Não,Exata (100%)
Camera_7_2_container,Camera_7,container,avi (score 1.00),Não,Não,Não,Não,Não,Não,Exata (100%)
Camera_7_2_rfr,Camera_7,r_frame_rate,15/1,Não,Não,Não,Não,Não,Não,Exata (100%)
Camera_7_3_avgfr,Camera_7,avg_frame_rate,15/1,Não,Não,Não,Não,Não,Não,Exata (100%)
Camera_7_3_container,Camera_7,container,avi (score 1.00),Não,Não,Não,Não,Não,Não,Exata (100%)
Camera_7_3_rfr,Camera_7,r_frame_rate,15/1,Não,Não,Não,Não,Não,Não,Exata (100%)
Camera_7_4_avgfr,Camera_7,avg_frame_rate,15/1,Não,Não,Não,Não,Não,Não,Exata (100%)
Camera_7_4_container,Camera_7,container,avi (score 1.00),Não,Não,Não,Não,Não,Não,Exata (100%)
Camera_7_4_rfr,Camera_7,r_frame_rate,15/1,Não,Não,Não,Não,Não,Não,Exata (100%)
Camera_7_5_avgfr,Camera_7,avg_frame_rate,15/1,Não,Não,Não,Não,Não,Não,Exata (100%)
Camera_7_5_container,Camera_7,container,avi (score 1.00),Não,Não,Não,Não,Não,Não,Exata (100%)
Camera_7_5_rfr,Camera_7,r_frame_rate,15/1,Não,Não,Não,Não,Não,Não,Exata (100%)
Camera_7_6_avgfr,Camera_7,avg_frame_rate,15/1,Não,Não,Não,Não,Não,Não,Exata (100%)
Camera_7_6_container,Camera_7,container,avi (score 1.00),Não,Não,Não,Não,Não,Não,Exata (100%)
Camera_7_6_rfr,Camera_7,r_frame_rate,15/1,Não,Não,Não,Não,Não,Não,Exata (100%)
Camera_9_1_avgfr,Camera_9,avg_frame_rate,25/1,Sim,Sim,Sim,Não,Não,Não,Exata (100%)
Camera_9_1_container,Camera_9,container,hevc (score 0.51),Sim,Sim,Sim,Não,Não,Não,Exata (100%)
Camera_9_1_rfr,Camera_9,r_frame_rate,1200000/1,Sim,Sim,Sim,Não,Não,Não,Exata (100%)
Camera_9_2_avgfr,Camera_9,avg_frame_rate,30/1,Não,Não,Não,Não,Não,Não,Exata (100%)
Camera_9_2_container,Camera_9,container,dhav (score 0.01),Sim,Sim,Sim,Sim,Sim,Sim,Exata (100%)
Camera_9_2_rfr,Camera_9,r_frame_rate,30/1,Não,Não,Não,Não,Não,Não,Exata (100%)
Camera_9_3_avgfr,Camera_9,avg_frame_rate,30/1,Não,Não,Não,Não,Não,Não,Exata (100%)
Camera_9_3_container,Camera_9,container,dhav (score 0.01),Sim,Sim,Sim,Sim,Sim,Sim,Exata (100%)
Camera_9_3_rfr,Camera_9,r_frame_rate,30/1,Não,Não,Não,Não,Não,Não,Exata (100%)
Camera_9_4_avgfr,Camera_9,avg_frame_rate,30/1,Não,Não,Não,Não,Não,Não,Exata (100%)
Camera_9_4_container,Camera_9,container,dhav (score 0.01),Sim,Sim,Sim,Sim,Sim,Sim,Exata (100%)
Camera_9_4_rfr,Camera_9,r_frame_rate,30/1,Não,Não,Não,Não,Não,Não,Exata (100%)
Camera_9_5_avgfr,Camera_9,avg_frame_rate,30/1,Não,Não,Não,Não,Não,Não,Exata (100%)
Camera_9_5_container,Camera_9,container,dhav (score 0.01),Sim,Sim,Sim,Sim,Sim,Sim,Exata (100%)
Camera_9_5_rfr,Camera_9,r_frame_rate,30/1,Não,Não,Não,Não,Não,Não,Exata (100%)
Camera_9_6_avgfr,Camera_9,avg_frame_rate,25/1,Sim,Sim,Sim,Não,Não,Não,Exata (100%)
Camera_9_6_container,Camera_9,container,hevc (score 0.51),Sim,Sim,Sim,Não,Não,Não,Exata (100%)
Camera_9_6_rfr,Camera_9,r_frame_rate,1200000/1,Sim,Sim,Sim,Não,Não,Não,Exata (100%)
Camera_9_7_avgfr,Camera_9,avg_frame_rate,25/1,Sim,Sim,Sim,Não,Não,Não,Exata (100%)
Camera_9_7_container,Camera_9,container,hevc (score 0.51),Sim,Sim,Sim,Não,Não,Não,Exata (100%)
Camera_9_7_rfr,Camera_9,r_frame_rate,1200000/1,Sim,Sim,Sim,Não,Não,Não,Exata (100%)
m1,cam01,r_frame_rate (amostra),15/1,Sim,Sim,Sim,Não,Não,Não,Exata (100%)
m2,cam01,avg_frame_rate (amostra),30/1,Sim,Sim,Sim,Não,Não,Não,Exata (100%)
m3,cam02,container (amostra),avi (score 0.31),Não,Não,Não,Sim,Sim,Sim,Exata (100%)
